{
    "inputs": {
        "subscriber_count_Connected": [
            80.99999237060547,
            82.0,
            82.99999237060547,
            84.0,
            84.99999237060547,
            86.0,
            87.0,
            87.99999237060547,
            89.0,
            89.99999237060547,
            91.0,
            91.99999237060547,
            93.0,
            93.99999237060547,
            95.0,
            95.99999237060547,
            97.0,
            98.0,
            98.99999237060547,
            100.0,
            100.99999237060547,
            102.0,
            102.99999237060547,
            104.0,
            104.99999237060547,
            106.0,
            106.99999237060547,
            108.0,
            109.0,
            109.99999237060547
        ],
        "phoenix_memory_cm_max_used_chunks_per_pool_count_cm_packetP_amf": [
            128.00001525878906,
            129.0,
            131.0,
            132.0,
            134.0,
            135.00001525878906,
            137.0,
            138.0,
            140.0,
            141.0,
            143.0,
            144.0,
            146.0,
            147.0,
            149.00001525878906,
            150.0,
            151.0,
            153.0,
            154.0,
            156.00001525878906,
            157.0,
            159.0,
            160.0,
            162.0,
            163.0,
            165.0,
            166.0,
            168.0,
            169.00001525878906,
            171.0
        ],
        "chunk_create_count_minus_destroy_count_cm_packetP_amf": [
            571.0,
            578.0,
            585.0,
            592.0000610351562,
            599.0,
            606.0000610351562,
            613.0,
            620.0,
            627.0,
            634.0,
            641.0,
            648.0,
            655.0,
            662.0,
            669.0000610351562,
            676.0,
            683.0000610351562,
            690.0,
            697.0,
            704.0,
            711.0,
            718.0,
            725.0,
            732.0,
            739.0,
            746.0000610351562,
            753.0,
            760.0000610351562,
            767.0,
            774.0
        ],
        "chunk_create_count_minus_destroy_count_cm_sessionP_amf": [
            99.0,
            100.00000762939453,
            101.0,
            102.00000762939453,
            103.0,
            104.00000762939453,
            105.0,
            106.0,
            107.0,
            108.0,
            109.00000762939453,
            110.0,
            111.00000762939453,
            112.0,
            113.00000762939453,
            114.0,
            115.00000762939453,
            116.0,
            117.0,
            118.0,
            119.0,
            120.00000762939453,
            121.0,
            122.00000762939453,
            123.0,
            124.00000762939453,
            125.0,
            126.00000762939453,
            127.0,
            128.0
        ],
        "chunk_create_count_minus_destroy_count_cm_transactionP_amf": [
            89.0,
            90.0,
            91.0,
            92.0,
            93.0,
            94.0,
            95.0,
            95.99999237060547,
            97.0,
            98.0,
            99.0,
            100.0,
            101.0,
            102.0,
            103.0,
            104.0,
            105.0,
            106.0,
            106.99999237060547,
            108.0,
            109.0,
            110.0,
            111.0,
            112.0,
            113.0,
            114.0,
            115.0,
            116.0,
            117.0,
            117.99999237060547
        ]
    },
    "outputs": {
        "subscriber_count_Connected": [
            112.32417297363281,
            113.27519989013672,
            114.22745513916016,
            115.1808853149414,
            116.13555145263672,
            117.0913314819336,
            118.04811096191406,
            119.0059814453125,
            119.96465301513672,
            120.92425537109375,
            121.88461303710938,
            122.84573364257812,
            123.8075942993164,
            124.77010345458984,
            125.73321533203125,
            126.69686889648438,
            127.66102600097656,
            128.62570190429688,
            129.5908203125,
            130.55618286132812,
            131.52188110351562,
            132.48785400390625,
            133.45396423339844,
            134.42010498046875,
            135.38623046875,
            136.35218811035156,
            137.31768798828125,
            138.28262329101562,
            139.2467803955078,
            140.20985412597656
        ],
        "phoenix_memory_cm_max_used_chunks_per_pool_count_cm_packetP_amf": [
            173.18911743164062,
            174.61053466796875,
            175.8678741455078,
            177.361328125,
            178.82943725585938,
            180.29428100585938,
            181.68878173828125,
            183.1519317626953,
            184.47616577148438,
            186.14306640625,
            187.32522583007812,
            188.8092041015625,
            190.0517578125,
            191.43154907226562,
            193.0201416015625,
            194.38206481933594,
            195.93942260742188,
            197.18812561035156,
            198.6700897216797,
            200.04037475585938,
            201.5184783935547,
            202.93038940429688,
            204.43038940429688,
            205.82168579101562,
            207.1356658935547,
            208.6095428466797,
            209.94412231445312,
            211.45098876953125,
            212.7208709716797,
            214.1849822998047
        ],
        "chunk_create_count_minus_destroy_count_cm_packetP_amf": [
            787.1907348632812,
            793.8273315429688,
            800.4721069335938,
            807.12451171875,
            813.78564453125,
            820.4533081054688,
            827.12939453125,
            833.8112182617188,
            840.4990844726562,
            847.1928100585938,
            853.8919067382812,
            860.596435546875,
            867.3052368164062,
            874.0191650390625,
            880.7371826171875,
            887.458740234375,
            894.1837768554688,
            900.9122924804688,
            907.6433715820312,
            914.3772583007812,
            921.1131591796875,
            927.8507690429688,
            934.5896606445312,
            941.329345703125,
            948.0689697265625,
            954.8075561523438,
            961.5440063476562,
            968.2769165039062,
            975.0049438476562,
            981.726318359375
        ],
        "chunk_create_count_minus_destroy_count_cm_sessionP_amf": [
            129.82054138183594,
            130.7682342529297,
            131.71701049804688,
            132.66697692871094,
            133.61801147460938,
            134.5701446533203,
            135.5233612060547,
            136.47743225097656,
            137.4324188232422,
            138.38815307617188,
            139.34469604492188,
            140.30201721191406,
            141.260009765625,
            142.2186279296875,
            143.1777801513672,
            144.13754272460938,
            145.09780883789062,
            146.0584716796875,
            147.01963806152344,
            147.98109436035156,
            148.94288635253906,
            149.90492248535156,
            150.86720275878906,
            151.82952880859375,
            152.79185485839844,
            153.75401306152344,
            154.7159423828125,
            155.67726135253906,
            156.63796997070312,
            157.59771728515625
        ],