{
    "inputs": {
        "subscriber_count_Connected": [
            80.99999237060547,
            82.0,
            82.99999237060547,
            84.0,
            84.99999237060547,
            86.0,
            87.0,
            87.99999237060547,
            89.0,
            89.99999237060547,
            91.0,
            91.99999237060547,
            93.0,
            93.99999237060547,
            95.0,
            95.99999237060547,
            97.0,
            98.0,
            98.99999237060547,
            100.0,
            100.99999237060547,
            102.0,
            102.99999237060547,
            104.0,
            104.99999237060547,
            106.0,
            106.99999237060547,
            108.0,
            109.0,
            109.99999237060547
        ],
        "phoenix_memory_cm_max_used_chunks_per_pool_count_cm_packetP_smf": [
            584.0,
            587.0,
            591.0,
            594.0,
            597.0,
            601.0,
            604.0,
            607.0,
            611.0,
            614.0,
            617.0,
            620.9999389648438,
            624.0,
            627.0,
            631.0,
            634.0,
            637.0,
            641.0,
            644.0,
            647.0,
            651.0,
            654.0,
            657.0,
            660.0,
            664.0,
            667.0,
            670.0,
            674.0,
            677.0,
            680.0
        ],
        "chunk_create_count_minus_destroy_count_cm_packetP_smf": [
            2170.0,
            2172.0,
            2174.0,
            2176.0,
            2178.0,
            2180.0,
            2182.0,
            2184.0,
            2186.0,
            2188.0,
            2190.0,
            2192.0,
            2194.0,
            2196.0,
            2198.0,
            2200.0,
            2202.0,
            2204.0,
            2206.0,
            2208.0,
            2210.0,
            2212.0,
            2214.0,
            2216.0,
            2218.0,
            2220.0,
            2222.0,
            2224.0,
            2226.0,
            2228.0
        ],
        "chunk_create_count_minus_destroy_count_cm_sessionP_smf": [
            2234.0,
            2261.0,
            2288.0,
            2315.0,
            2342.0,
            2369.0,
            2396.0,
            2423.0,
            2450.0,
            2477.0,
            2504.0,
            2531.0,
            2558.0,
            2585.0,
            2612.0,
            2639.0,
            2666.0,
            2693.0,
            2720.0,
            2747.0,
            2774.0,
            2801.0,
            2828.0,
            2855.0,
            2882.0,
            2909.0,
            2936.0,
            2963.0,
            2990.0,
            3017.0
        ]
    },
    "outputs": {
        "subscriber_count_Connected": [
            111.03250885009766,
            112.03251647949219,
            113.03250122070312,
            114.03253173828125,
            115.03250885009766,
            116.03250122070312,
            117.0324935913086,
            118.03245544433594,
            119.03246307373047,
            120.032470703125,
            121.032470703125,
            122.03244018554688,
            123.03244018554688,
            124.0324478149414,
            125.03242492675781,
            126.03239440917969,
            127.03239440917969,
            128.03240966796875,
            129.0323944091797,
            130.03240966796875,
            131.03236389160156,
            132.0323944091797,
            133.0323944091797,
            134.0323944091797,
            135.0323944091797,
            136.03237915039062,
            137.0323944091797,
            138.03236389160156,
            139.03233337402344,
            140.03233337402344
        ],
        "phoenix_memory_cm_max_used_chunks_per_pool_count_cm_packetP_smf": [
            684.32568359375,
            686.579833984375,
            690.6652221679688,
            694.4216918945312,
            697.30712890625,
            700.07470703125,
            704.4745483398438,
            707.0244140625,
            710.9835205078125,
            713.64306640625,
            717.9993896484375,
            719.920654296875,
            724.2579956054688,
            727.20751953125,
            730.6756591796875,
            733.6580810546875,
            737.4999389648438,
            740.076416015625,
            744.310791015625,
            747.608642578125,
            750.682373046875,
            753.6460571289062,
            757.6340942382812,
            760.131591796875,
            764.4876708984375,
            766.6396484375,
            771.2075805664062,
            773.433349609375,
            777.5150756835938,
            780.1097412109375
        ],
        "chunk_create_count_minus_destroy_count_cm_packetP_smf": [
            2230.065185546875,
            2232.065185546875,
            2234.065185546875,
            2236.065185546875,
            2238.06494140625,
            2240.065185546875,
            2242.065185546875,
            2244.06494140625,
            2246.06494140625,
            2248.06494140625,
            2250.065185546875,
            2252.06494140625,
            2254.06494140625,
            2256.065185546875,
            2258.06494140625,
            2260.06494140625,
            2262.06494140625,
            2264.06494140625,
            2266.064697265625,
            2268.06494140625,
            2270.06494140625,
            2272.064697265625,
            2274.06494140625,
            2276.06494140625,
            2278.064697265625,
            2280.064697265625,
            2282.06494140625,
            2284.06494140625,
            2286.064697265625,
            2288.064697265625
        ],
        "chunk_create_count_minus_destroy_count_cm_sessionP_smf": [
            3044.877685546875,
            3071.878173828125,
            3098.877685546875,
            3125.87841796875,
            3152.8779296875,
            3179.87744140625,
            3206.87744140625,
            3233.87646484375,
            3260.876708984375,
            3287.876708984375,
            3314.876953125,
            3341.8759765625,
            3368.8759765625,
            3395.876220703125,
            3422.875732421875,
            3449.874755859375,
            3476.874755859375,
            3503.875,
            3530.875,
            3557.875244140625,
            3584.8740234375,
            3611.874755859375,
            3638.87451171875,
            3665.875,
            3692.874755859375,
            3719.874267578125,
            3746.87451171875,
            3773.873779296875,
            3800.873291015625,
            3827.873046875
        ],
        "phoenix_memory_chunksize_cm_globalP_smf": [
            3072.0
        ],
        "phoenix_memory_cm_max_used_chunks_per_pool_count_cm_globalP_smf": [
            8.0
        ],
        "total_allocated_memory_globalP_smf": [
            127.998046875
        ],
        "chunk_create_count_minus_destroy_count_cm_globalP_smf": [
            39.0
        ],
        "phoenix_memory_chunksize_cm_packetP_smf": [
            4096.0
        ],
        "total_allocated_memory_packetP_smf": [
            51.18359375
        ],
        "phoenix_memory_chunksize_cm_sessionP_smf": [
            3072.0
        ],
        "phoenix_memory_cm_max_used_chunks_per_pool_count_cm_sessionP_smf": [
            8.0
        ],
        "total_allocated_memory_sessionP_smf": [
            159.17578125
        ],
        "phoenix_memory_chunksize_cm_transactionP_smf": [
            4096.0
        ],
        "phoenix_memory_cm_max_used_chunks_per_pool_count_cm_transactionP_smf": [
            3.0
        ],
        "total_allocated_memory_transactionP_smf": [
            32.0
        ],
        "chunk_create_count_minus_destroy_count_cm_transactionP_smf": [
            5.0
        ]
    }
}