{
    "inputs": {
        "subscriber_count_Connected": [
            80.99999237060547,
            82.0,
            82.99999237060547,
            84.0,
            84.99999237060547,
            86.0,
            87.0,
            87.99999237060547,
            89.0,
            89.99999237060547,
            91.0,
            91.99999237060547,
            93.0,
            93.99999237060547,
            95.0,
            95.99999237060547,
            97.0,
            98.0,
            98.99999237060547,
            100.0,
            100.99999237060547,
            102.0,
            102.99999237060547,
            104.0,
            104.99999237060547,
            106.0,
            106.99999237060547,
            108.0,
            109.0,
            109.99999237060547
        ],
        "phoenix_memory_cm_max_used_chunks_per_pool_count_cm_packetP_upf1": [
            39.999996185302734,
            39.999996185302734,
            41.0,
            41.0,
            42.0,
            42.0,
            42.999996185302734,
            42.999996185302734,
            43.999996185302734,
            43.999996185302734,
            45.0,
            45.0,
            46.0,
            46.0,
            46.999996185302734,
            46.999996185302734,
            46.999996185302734,
            47.999996185302734,
            47.999996185302734,
            49.0,
            49.0,
            50.0,
            50.0,
            50.999996185302734,
            50.999996185302734,
            51.999996185302734,
            51.999996185302734,
            53.0,
            53.0,
            54.0
        ],
        "chunk_create_count_minus_destroy_count_cm_packetP_upf1": [
            161.99998474121094,
            164.0,
            165.99998474121094,
            168.0,
            169.99998474121094,
            172.0,
            174.0,
            175.99998474121094,
            178.0,
            179.99998474121094,
            182.0,
            183.99998474121094,
            186.0,
            187.99998474121094,
            190.0,
            191.99998474121094,
            194.0,
            196.0,
            197.99998474121094,
            200.0,
            201.99998474121094,
            204.0,
            205.99998474121094,
            208.0,
            209.99998474121094,
            212.0,
            213.99998474121094,
            216.0,
            218.0,
            219.99998474121094
        ],
        "phoenix_memory_cm_max_used_chunks_per_pool_count_cm_sessionP_upf1": [
            12.0,
            12.0,
            12.0,
            12.0,
            12.0,
            12.0,
            12.0,
            12.0,
            12.0,
            12.0,
            12.0,
            12.0,
            12.0,
            12.0,
            12.0,
            12.0,
            12.0,
            12.0,
            12.0,
            12.0,
            12.0,
            12.0,
            12.0,
            12.0,
            12.0,
            12.0,
            12.0,
            12.0,
            12.0,
            12.0
        ],
        "chunk_create_count_minus_destroy_count_cm_sessionP_upf1": [
            1694.0,
            1715.0001220703125,
            1736.0,
            1757.0001220703125,
            1778.0,
            1799.0001220703125,
            1820.0,
            1841.0,
            1862.0001220703125,
            1883.0,
            1904.0001220703125,
            1925.0,
            1946.0001220703125,
            1967.0,
            1988.0001220703125,
            2009.0,
            2030.0001220703125,
            2051.0,
            2072.0,
            2093.0,
            2114.0,
            2135.0,
            2156.0,
            2177.0,
            2198.0,
            2219.0,
            2240.0,
            2261.000244140625,
            2282.0,
            2303.0
        ],
        "phoenix_memory_cm_max_used_chunks_per_pool_count_cm_transactionP_upf1": [
            2.0,
            2.0,
            2.0,
            2.0,
            2.0,
            2.0,
            2.0,
            2.0,
            2.0,
            2.0,
            2.0,
            2.0,
            2.0,
            2.0,
            2.0,
            2.0,
            2.0,
            2.0,
            2.0,
            2.0,
            2.0,
            2.0,
            2.0,
            2.0,
            2.0,
            2.0,
            2.0,
            2.0,
            2.0,
            2.0
        ]
    },
    "outputs": {
        "subscriber_count_Connected": [
            111.43215942382812,
            113.12358093261719,
            114.8409423828125,
            116.65695190429688,
            118.3086929321289,
            119.91676330566406,
            121.31729125976562,
            122.71375274658203,
            124.0027084350586,
            125.51433563232422,
            126.99654388427734,
            128.0580291748047,
            129.32937622070312,
            130.67010498046875,
            131.8915252685547,
            133.02059936523438,
            134.2399139404297,
            135.4878387451172,
            136.58892822265625,
            137.66114807128906,
            138.7650909423828,
            139.83798217773438,
            140.9111328125,
            142.01597595214844,
            143.0210418701172,
            144.052001953125,
            145.04434204101562,
            146.01779174804688,
            146.959716796875,
            147.8867645263672
        ],
        "phoenix_memory_cm_max_used_chunks_per_pool_count_cm_packetP_upf1": [
            58.66572952270508,
            55.851993560791016,
            59.559722900390625,
            57.3924674987793,
            60.3725700378418,
            53.33723831176758,
            61.26539611816406,
            61.566062927246094,
            62.10078430175781,
            62.50357437133789,
            55.45817565917969,
            63.69449234008789,
            53.853363037109375,
            64.64473724365234,
            62.70225524902344,
            65.63780212402344,
            58.85262680053711,
            66.62718200683594,
            66.625244140625,
            67.65748596191406,
            66.4233627319336,
            68.78215026855469,
            68.7948989868164,
            69.64208221435547,
            69.83001708984375,
            70.44337463378906,
            63.35542678833008,
            71.29981994628906,
            71.78340911865234,
            71.67121887207031
        ],
        "chunk_create_count_minus_destroy_count_cm_packetP_upf1": [
            223.24803161621094,
            226.55589294433594,
            230.1776123046875,
            234.2539520263672,
            236.2480926513672,
            239.54432678222656,
            242.73619079589844,
            245.4823760986328,
            248.1284637451172,
            250.72824096679688,
            253.7947540283203,
            256.5506896972656,
            258.69580078125,
            261.2403564453125,
            263.7389221191406,
            266.0928039550781,
            268.4786071777344,
            270.7289733886719,
            273.1253356933594,
            275.3206787109375,
            277.6147766113281,
            279.7378845214844,
            281.8851623535156,
            283.9863586425781,
            286.0644836425781,
            288.108154296875,
            290.0787048339844,
            292.0306701660156,
            293.91107177734375,
            295.8243408203125
        ],